Model,Attribute,DI,SPD,EOPP,EOD,TI,PP,CAL,N_Fair,Fair_DI
Logistic Regression,RACE,0.5504904937727857,0.22478386516659887,0.1693096547465479,0.1693096547465479,0.006629933152151393,0.06972818483290388,0.21874659723855686,2,N
Logistic Regression,SEX,0.6838548444643825,0.1736228770412399,0.08678892950084782,0.13073222121670083,0.009588906396446037,0.025480292345473776,0.09205256422857272,3,N
Logistic Regression,ETHNICITY,0.7599969334403212,0.1128345964047841,0.06740693225393513,0.07251680603727571,0.00023613815171993902,0.015499525682472148,0.0778603048813373,4,N
Logistic Regression,AGE_GROUP,0.1927224854264777,0.50932360999175,0.4005082855753817,0.4005082855753817,0.016241533117211424,0.06076775040682414,0.16870060026199785,2,N
Random Forest,RACE,0.6327925958812882,0.18256522854915447,0.08305933548652,0.08305933548652,0.005580594687957206,0.08247394702561883,0.10507279403436431,4,N
Random Forest,SEX,0.749218067248665,0.13022712924252855,0.04617804168552542,0.060646293406846546,0.003074822118997178,0.002046700537876478,0.04243136725207031,5,N
Random Forest,ETHNICITY,0.8171910576794189,0.08406228754737927,0.035772818304605325,0.035772818304605325,0.000792913864775785,0.005878962280276068,0.041452455829548596,7,Y
Random Forest,AGE_GROUP,0.2578756276625752,0.4606360213426246,0.25730294174523916,0.25730294174523916,0.01383484481352873,0.07415411244344117,0.08312293834152251,2,N
HistGradientBoosting,RACE,0.6424391182111624,0.1774450488010405,0.0729076748494224,0.0729076748494224,0.005195890918543784,0.09116190864569074,0.12015777471585978,4,N
HistGradientBoosting,SEX,0.7515160996425142,0.12891294799617137,0.04354690713291465,0.058163188290282164,0.0033053121037578126,0.001627109684215533,0.033557982329286085,5,N
HistGradientBoosting,ETHNICITY,0.8266932019113457,0.07953805801287978,0.028216099799165284,0.028316949521899087,0.0015092603425914466,0.007585031136375764,0.029197212576363096,7,Y
HistGradientBoosting,AGE_GROUP,0.26306259833270085,0.45691457302447314,0.2428116122759172,0.2428116122759172,0.013459585040777919,0.06776773757725085,0.0694935306132275,2,N
XGBoost,RACE,0.6490983425129728,0.1784279098581546,0.04028121909736704,0.04028121909736704,0.005425412289892545,0.07889702069847648,0.1744153077403704,4,N
XGBoost,SEX,0.763119071801028,0.12304346623395823,0.03390124997728117,0.04956850873943318,0.005007639449063982,0.0041294705615266825,0.022195454119766644,5,N
XGBoost,ETHNICITY,0.8316517964358102,0.07792018755685914,0.017783780706793095,0.029470661461813277,0.002782199714429459,0.0014053415083032927,0.031891003849710886,7,Y
XGBoost,AGE_GROUP,0.292592976597641,0.43537544052048627,0.1851346241083225,0.1851346241083225,0.01630948684541616,0.07340538342430825,0.041080584040785295,3,N
LightGBM,RACE,0.6693083024047994,0.1672376777312113,0.060376516687196236,0.060376516687196236,0.005457543082438537,0.1199599834634213,0.3079708997912488,3,N
LightGBM,SEX,0.7619663715345334,0.12354398911865855,0.03492111468800452,0.048948436208231264,0.004521552315987935,0.003819660798035973,0.026678959305057037,5,N
LightGBM,ETHNICITY,0.8286940761477267,0.07922541963320978,0.02030809233408082,0.029529475488901225,0.002495632099279249,0.0008920823213871554,0.027370134597428875,7,Y
LightGBM,AGE_GROUP,0.2914352216229519,0.43624884246360085,0.18184566003567615,0.18184566003567615,0.0155922544023544,0.07165797259376594,0.07711874916337608,2,N
AdaBoost,RACE,0.6343938420867148,0.17564439009978516,0.12647546628129147,0.12647546628129147,0.0035692089417712625,0.12106020188365652,0.18825533504318825,1,N
AdaBoost,SEX,0.6981979543990751,0.15967001949776732,0.08154023638980445,0.09999517881601094,0.0032741065125940876,0.016244663135562498,0.19956339193161846,4,N
AdaBoost,ETHNICITY,0.7841483526981422,0.09817529036913947,0.054833515161864965,0.054833515161864965,0.001238607349662177,0.005269219934572411,0.18406472107789595,5,N
AdaBoost,AGE_GROUP,0.19668799225888794,0.49728790328873224,0.3950109142959385,0.3950109142959385,0.003978656874792704,0.0588368179289811,0.19571117000989474,2,N
GradientBoosting,RACE,0.6456278569494839,0.17653580529842644,0.06783184453087365,0.06783184453087365,0.004201510712124802,0.09710915365290018,0.17439541640392686,4,N
GradientBoosting,SEX,0.750786352602007,0.12912258835900908,0.044638762481170824,0.05580618947635631,0.0028258989195631135,0.0017159723019285478,0.044254947455794835,5,N
GradientBoosting,ETHNICITY,0.8188926877007198,0.08315040678120761,0.03161998636638852,0.03161998636638852,0.0017862234874464547,0.002914269572741768,0.03182819584946378,7,Y
GradientBoosting,AGE_GROUP,0.2618590047772287,0.45733498625666735,0.24369248397375076,0.24369248397375076,0.013027004818397053,0.06991272519140168,0.0899556666680823,2,N
DecisionTree,RACE,0.6464503372353458,0.1751338578169715,0.09589439686527057,0.09589439686527057,0.012973280071889887,0.0967741195575883,0.19815554559230802,4,N
DecisionTree,SEX,0.7504023869605763,0.12860422014459627,0.04610326577494295,0.06496982414973826,0.005746119377222969,0.004529629173382843,0.04920857657843469,5,N
DecisionTree,ETHNICITY,0.828718372181169,0.07795970899390658,0.030904588712329373,0.030904588712329373,0.00092389858161461,0.013258547074596061,0.059968631993484456,6,Y
DecisionTree,AGE_GROUP,0.281264323986267,0.4356940713843717,0.23398067994310612,0.23398067994310612,0.018207203141755002,0.10377095142449777,0.0777289438072879,1,N
CatBoost,RACE,0.6102828352648194,0.19283099641056817,0.08574273622817319,0.08574273622817319,0.004949416020976052,0.05949308007630183,0.16938149722893414,4,N
CatBoost,SEX,0.7429783914014086,0.13314153420824265,0.05114056480145579,0.06303295441939949,0.0022897962160830024,0.00041364079341976723,0.035065449189482956,5,N
CatBoost,ETHNICITY,0.8202873167233634,0.08197638884876052,0.031616039299426246,0.032205372713722424,0.0013596247010978016,0.004981091261225368,0.02707288987435641,7,Y
CatBoost,AGE_GROUP,0.24928562103145996,0.4647937753955911,0.2768508921745637,0.2768508921745637,0.012514586330907108,0.06901430297310474,0.06038214082414406,2,N
DNN (PyTorch),RACE,0.5960680255846063,0.20082365551544662,0.14903219757588693,0.14903219757588693,0.004623675197637074,0.1011937859746097,0.3037457404465511,1,N
DNN (PyTorch),SEX,0.7360023436465554,0.13822594044874698,0.054973608378799166,0.07611893644581744,0.0025831921394111335,0.002537082731766116,0.04768495267083825,5,N
DNN (PyTorch),ETHNICITY,0.8147305951012703,0.0851054438544272,0.03785509606803439,0.03785509606803439,0.0005910897700923748,0.0064230039073891465,0.024392337063279534,7,Y
DNN (PyTorch),AGE_GROUP,0.24803802281096615,0.4674724777724834,0.2942574862961337,0.2942574862961337,0.010597283854346287,0.07900979217078952,0.09498544502794071,2,N
Stacking Ensemble,RACE,0.658874469578611,0.17233754291527453,0.045743900112832137,0.045743900112832137,0.006595630177393688,0.09308555617699377,0.30575322373883534,4,N
Stacking Ensemble,SEX,0.7565062807587786,0.12685874565452404,0.039111986222432726,0.05407156669161875,0.005878501061496545,0.0021040955103475145,0.0937272808900334,4,N
Stacking Ensemble,ETHNICITY,0.8273767513850534,0.07984236403016998,0.02286074380806813,0.03024459824505453,0.00360807106979915,0.002317574524305255,0.08000389634089339,6,Y
Stacking Ensemble,AGE_GROUP,0.280056881482688,0.4455696797593964,0.20361403261456934,0.20361403261456934,0.020491309526191083,0.06562092276269382,0.1049241264579337,2,N
LGB-XGB Blend,RACE,0.651643609221318,0.17644181253938596,0.052772896494517885,0.052772896494517885,0.005139254723440657,0.09463124617987984,0.24526290360504743,4,N
LGB-XGB Blend,SEX,0.7612648534660794,0.12397142186966964,0.03595741321754087,0.04875927675427351,0.004635686947821696,0.004063059943194114,0.026187554922233125,5,N
LGB-XGB Blend,ETHNICITY,0.8302202897277289,0.07848419425002934,0.018896035008931444,0.029225097046877258,0.002517639892890104,0.0010322960963649042,0.033693363883903316,7,Y
LGB-XGB Blend,AGE_GROUP,0.29088367231681644,0.4361322989540718,0.183986206672197,0.183986206672197,0.01564912029553025,0.07034926818358123,0.06526766496846914,2,N
