Hospital,N,Accuracy,Selection_Rate,True_Rate,DI_RACE,WTPR_RACE,DI_AGE_GROUP,WTPR_AGE_GROUP
102,1931,0.8120145002589332,0.39047125841532887,0.49456240290005177,0.35000000000000003,0.25,0.6310737342847434,0.6808510638297872
105,930,0.8763440860215054,0.7666666666666667,0.7290322580645161,0.9133663366336634,0.9368635437881874,0.7532314923619271,0.9047619047619048
112,169,0.8579881656804734,0.5976331360946746,0.5266272189349113,0.7761194029850746,0.9253731343283582,0.7692307692307693,0.9104477611940298
1000,1756,0.8109339407744874,0.33712984054669703,0.4293849658314351,0.0,0.0,0.36178107606679033,0.615819209039548
2001,1001,0.7842157842157842,0.5384615384615384,0.41858141858141856,0.4318181818181818,0.5,0.5361885790172642,0.8540145985401459
6000,151,0.8874172185430463,0.26490066225165565,0.3509933774834437,0.6072664359861591,0.7111111111111111,0.33185840707964603,0.6666666666666666
7000,1820,0.8983516483516484,0.17307692307692307,0.1934065934065934,0.0,0.5465116279069767,0.0,0.6846590909090909
15001,558,0.8655913978494624,0.43010752688172044,0.48566308243727596,0.3891891891891892,0.6857142857142857,0.49262536873156343,0.765
19000,549,0.8032786885245902,0.6848816029143898,0.5865209471766849,0.6679920477137177,0.9078498293515358,0.7328755265739512,0.8909090909090909
20000,243,0.8477366255144033,0.37037037037037035,0.3168724279835391,0.3186440677966102,0.5,0.2426065162907268,0.7142857142857143
27000,953,0.8457502623294858,0.4018887722980063,0.453305351521511,0.39215686274509803,0.6666666666666666,0.48337995337995343,0.7212543554006968
29000,1503,0.8642714570858283,0.4471057884231537,0.4231536926147705,0.0,0.8517745302713987,0.48525798525798525,0.8482905982905983
30000,173,0.7861271676300579,0.5838150289017341,0.6011560693641619,0.7243130227001195,0.6451612903225806,0.7407407407407408,0.6666666666666666
34000,224,0.84375,0.24553571428571427,0.29464285714285715,0.0,0.6515151515151515,0.21708413615928068,0.48717948717948717
35000,1005,0.8278606965174129,0.5054726368159204,0.5442786069651742,0.49014778325123154,0.7426470588235294,0.4983377077865267,0.7400530503978779
38001,108,0.7962962962962963,0.3425925925925926,0.4351851851851852,0.4691358024691358,0.5714285714285714,0.2964705882352941,0.5666666666666667
40000,1118,0.8264758497316637,0.29427549194991054,0.3550983899821109,0.7240592930444697,0.6046511627906976,0.3865960555149744,0.6376306620209059
42000,690,0.8231884057971014,0.41884057971014493,0.32608695652173914,0.5358680057388809,0.6,0.3716535433070866,0.8426966292134831
47000,731,0.853625170998632,0.5978112175102599,0.5362517099863201,0.40909090909090906,0.9178082191780822,0.6256684491978609,0.911660777385159
56000,526,0.8840304182509505,0.4695817490494297,0.4790874524714829,,,0.5228174603174603,0.8095238095238095
58000,335,0.8925373134328358,0.573134328358209,0.573134328358209,0.6729776247848536,0.8461538461538461,0.499515704995157,0.845360824742268
61000,150,0.8533333333333334,0.4866666666666667,0.5133333333333333,0.0,0.0,0.4568764568764569,0.75
63000,174,0.867816091954023,0.20114942528735633,0.3103448275862069,,,0.10410641989589357,0.36666666666666664
64000,762,0.8307086614173228,0.3779527559055118,0.431758530183727,0.0,0.0,0.45548914753067005,0.7129186602870813
71000,610,0.8508196721311475,0.319672131147541,0.2360655737704918,0.49233811171527436,0.8181818181818182,0.3464219330855019,0.8217821782178217
76000,982,0.845213849287169,0.445010183299389,0.48370672097759676,0.2583333333333333,0.6,0.5422587883320867,0.76
81001,525,0.8247619047619048,0.5466666666666666,0.4895238095238095,0.7280269058295964,0.8404255319148937,0.5877816115283134,0.8502994011976048
85000,355,0.8140845070422535,0.4788732394366197,0.6028169014084507,0.0,0.5384615384615384,0.5189547294810453,0.6640625
91001,688,0.8619186046511628,0.43023255813953487,0.4055232558139535,0.2857142857142857,0.8555555555555555,0.4800583657587549,0.8072916666666666
95002,713,0.8302945301542777,0.5525946704067322,0.5007012622720898,0.5,0.6,0.6367135811379766,0.8571428571428571
95003,110,0.990909090909091,0.03636363636363636,0.045454545454545456,0.0,0.0,0.027522935779816515,0.75
108000,106,0.7264150943396226,0.8584905660377359,0.5849056603773585,0.9283950617283951,1.0,0.8181818181818182,1.0
109000,434,0.8640552995391705,0.33640552995391704,0.4631336405529954,0.0,0.0,0.32697547683923706,0.6756756756756757
114001,1850,0.8389189189189189,0.432972972972973,0.4664864864864865,0.7521367521367521,0.7065217391304348,0.5067777390090719,0.7550335570469798
117000,1733,0.9076745527986151,0.4899019042123485,0.48066935949221,0.0,0.8529411764705882,,
118000,3019,0.8323948327260683,0.4965220271613117,0.514408744617423,0.0,0.7890295358649789,0.5899037086471541,0.7971737323358271
119000,999,0.8478478478478478,0.4874874874874875,0.4894894894894895,0.7123287671232877,0.8292682926829268,0.496274217585693,0.7893175074183977
121000,152,0.8552631578947368,0.3684210526315789,0.34210526315789475,0.5181818181818182,0.75,0.2890625,0.75
124000,3194,0.8199749530369442,0.6653099561678146,0.5679398872886663,0.8208848649821489,0.9117647058823529,0.6863634198618719,0.9129429892141756
126000,202,0.8316831683168316,0.2376237623762376,0.32673267326732675,0.5555555555555555,0.5625,0.28641975308641976,0.5227272727272727
129000,670,0.844776119402985,0.5552238805970149,0.5283582089552239,0.57997557997558,0.5,0.5383848454636092,0.8333333333333334
130000,1654,0.871825876662636,0.3875453446191052,0.2968561064087062,0.5672131147540983,0.8333333333333334,0.3266320021893354,0.9127725856697819
134001,1567,0.8430121250797703,0.4135290363752393,0.34716017868538607,0.6462046204620462,0.6666666666666666,0.36414839506882385,0.8006230529595015
137000,229,0.8122270742358079,0.38427947598253276,0.4759825327510917,0.5010351966873706,0.6575342465753424,0.3732057416267943,0.6231884057971014
140002,427,0.7822014051522248,0.7002341920374707,0.6088992974238876,0.6973995271867612,0.89453125,0.6440677966101694,0.8669950738916257
141000,202,0.8712871287128713,0.44554455445544555,0.43564356435643564,0.49253731343283585,0.8,0.38537549407114624,0.775
142000,1096,0.822992700729927,0.4197080291970803,0.49635036496350365,0.0,0.6216216216216216,0.4525700517579868,0.688
143000,785,0.8636942675159236,0.5375796178343949,0.42929936305732486,0.4326530612244898,0.9583333333333334,,
144000,902,0.8780487804878049,0.3170731707317073,0.328159645232816,0.5844155844155845,0.7685185185185185,0.30150768172437514,0.7215909090909091
145000,988,0.8259109311740891,0.47874493927125505,0.5293522267206477,0.8293838862559243,0.74,0.5263049478844807,0.762589928057554
146000,281,0.8683274021352313,0.2775800711743772,0.3167259786476868,0.289193302891933,0.6538461538461539,0.28940568475452194,0.6428571428571429
154000,2549,0.8222832483326795,0.4868575912122401,0.4998038446449588,0.9047193877551021,0.7944954128440367,0.5313918235422905,0.7767195767195767
154001,766,0.8681462140992167,0.6618798955613577,0.6240208877284595,0.9454248366013073,0.8666666666666667,0.805895865237366,0.8571428571428571
154002,663,0.8024132730015083,0.6078431372549019,0.5490196078431373,0.8943157894736842,0.8647342995169082,0.7569746376811595,0.8157894736842105
155000,428,0.8434579439252337,0.2546728971962617,0.3364485981308411,0.3912698412698413,0.5714285714285714,0.2618328298086606,0.5555555555555556
157000,129,0.7674418604651163,0.5503875968992248,0.5503875968992248,0.0,0.78125,0.5,0.7540983606557377
158000,1734,0.8321799307958477,0.33160322952710497,0.43252595155709345,0.6488496799861615,0.6590909090909091,0.4611856633259725,0.6844319775596073
168000,737,0.8100407055630936,0.37449118046132973,0.49118046132971505,0.6885474860335196,0.5833333333333334,0.3880838808388084,0.6053811659192825
172000,1006,0.8499005964214712,0.43439363817097415,0.4194831013916501,0.14036478984932596,0.5,0.4639044002680366,0.8088737201365188
180000,695,0.7841726618705036,0.6402877697841727,0.48776978417266187,0.5841584158415841,0.9290540540540541,0.7178098174847903,0.9111111111111111
181000,1490,0.8295302013422818,0.36845637583892615,0.42885906040268457,0.6425973326148458,0.5,0.4676526704645404,0.655940594059406
182000,994,0.8591549295774648,0.4607645875251509,0.42857142857142855,0.463768115942029,0.6,0.46241926012918383,0.8253424657534246
186000,210,0.8476190476190476,0.2904761904761905,0.319047619047619,0.29853479853479853,0.6666666666666666,0.2892561983471074,0.6363636363636364
191000,582,0.8264604810996563,0.45017182130584193,0.43127147766323026,0.0,0.7692307692307693,0.6282372598162071,0.7926829268292683
198000,555,0.8324324324324325,0.6126126126126126,0.5423423423423424,0.5,0.5,0.5866363636363636,0.8926829268292683
207001,1089,0.869605142332415,0.48484848484848486,0.4921946740128558,0.2,0.8598130841121495,0.4716763005780347,0.8259668508287292
212000,1901,0.8416622830089426,0.44502893214097844,0.40557601262493426,0.23076923076923078,0.7846153846153846,0.4553030303030303,0.8114901256732495
214000,1035,0.8057971014492754,0.47729468599033814,0.48985507246376814,0.5265574774223175,0.6551724137931034,0.4443896626812934,0.7204301075268817
216001,234,0.8717948717948718,0.38461538461538464,0.4017094017094017,0.7604166666666666,0.8133333333333334,0.3414028553693358,0.7454545454545455
219000,252,0.7777777777777778,0.4523809523809524,0.6031746031746031,0.31351351351351353,0.3333333333333333,0.49606069448497225,0.6056338028169014
221000,103,0.7669902912621359,0.5728155339805825,0.4563106796116505,0.39999999999999997,0.75,0.4794520547945205,0.8076923076923077
228001,747,0.8795180722891566,0.3748326639892905,0.39357429718875503,0.5802387753607267,0.7951807228915663,0.30792227204783257,0.7699115044247787
229000,1272,0.8655660377358491,0.4913522012578616,0.44025157232704404,0.0,0.863013698630137,0.4671843420912669,0.8856502242152466
230000,432,0.8402777777777778,0.35648148148148145,0.4513888888888889,0.0,0.0,0.38900067069081157,0.6474820143884892
235000,2499,0.8371348539415766,0.54421768707483,0.5398159263705482,0.7281553398058253,0.7719298245614035,0.5934157754010695,0.8251308900523561
243000,262,0.7862595419847328,0.3702290076335878,0.5229007633587787,0.0,0.0,0.4393939393939394,0.5730337078651685
246000,543,0.8121546961325967,0.5985267034990792,0.4622467771639042,0.6944525689772838,0.9371980676328503,0.559891633877314,0.930379746835443
251000,949,0.8577449947312961,0.5163329820864068,0.5026343519494204,0.6371778972027009,0.8108108108108109,0.5249963689179376,0.831858407079646
255000,1236,0.8317152103559871,0.48058252427184467,0.5436893203883495,0.6809659890454851,0.5,0.5478273549139692,0.758095238095238
256000,190,0.8526315789473684,0.35789473684210527,0.3368421052631579,0.0,0.0,0.3773049645390071,0.7692307692307693
263000,704,0.8480113636363636,0.37642045454545453,0.45170454545454547,0.7089249492900609,0.7368421052631579,0.4549114331723027,0.7311827956989247
266000,1037,0.8090646094503375,0.5785920925747348,0.40501446480231434,0.1984126984126984,0.9774647887323944,0.49991925390609226,0.9672131147540983
280000,148,0.8243243243243243,0.1891891891891892,0.3108108108108108,0.0,0.0,0.29304029304029305,0.4
283000,975,0.877948717948718,0.4605128205128205,0.4594871794871795,0.4052863436123348,0.8466898954703833,0.5281663984152531,0.8522012578616353
285000,244,0.7909836065573771,0.3729508196721312,0.39344262295081966,0.840628507295174,0.6941176470588235,0.3046594982078853,0.6229508196721312
286000,2047,0.8470933072789448,0.44797264289203714,0.4054714215925745,0.6956521739130435,0.8561151079136691,0.44128553770086526,0.8392226148409894
292000,115,0.8,0.4,0.4956521739130435,0.7927927927927927,0.6153846153846154,0.5274725274725275,0.6538461538461539
297000,872,0.8325688073394495,0.45298165137614677,0.5126146788990825,0.3300184162062615,0.3333333333333333,0.49476992143658816,0.7233201581027668
298000,370,0.7864864864864864,0.24054054054054055,0.42162162162162165,0.34285714285714286,0.3333333333333333,0.4004248539564525,0.5
299001,116,0.8017241379310345,0.646551724137931,0.5,0.66,0.9117647058823529,0.5465116279069767,0.8333333333333334
300000,738,0.8455284552845529,0.48644986449864497,0.45663956639566394,0.6576923076923077,0.75,0.5201092782792129,0.8240343347639485
301000,535,0.8897196261682243,0.297196261682243,0.3252336448598131,0.8319327731092437,0.77,0.26442516268980476,0.7478991596638656
302000,1809,0.839690436705362,0.3648424543946932,0.39358761746821447,0.5419921875,0.7058823529411765,0.4385445926966292,0.6981519507186859
303000,150,0.82,0.3333333333333333,0.42,0.24374999999999997,0.4,0.23746312684365783,0.5526315789473685
314001,586,0.7918088737201365,0.6877133105802048,0.4931740614334471,0.8823966328299083,0.9858657243816255,0.6424448567305711,0.978021978021978
315002,378,0.7354497354497355,0.6878306878306878,0.4973544973544973,0.5064935064935064,0.75,0.8182261208576999,0.8181818181818182
316002,493,0.8742393509127789,0.2657200811359026,0.2129817444219067,0.23339449541284404,0.6,0.42483296213808464,0.8043478260869565
318000,1388,0.8443804034582133,0.35014409221902015,0.38904899135446686,0.778030303030303,0.7432432432432432,0.5296272493573265,0.7215777262180975
319000,1087,0.8528058877644894,0.5979760809567617,0.47838086476540936,0.4979423868312757,0.8,0.5292184075967861,0.9519230769230769
323000,180,0.8444444444444444,0.5277777777777778,0.5166666666666667,0.7407407407407407,0.6,0.48120300751879697,0.8181818181818182
331000,2672,0.8263473053892215,0.5471556886227545,0.5793413173652695,0.6553639529099652,0.6842105263157895,0.6721261753108887,0.8057190916736754
332000,464,0.8793103448275862,0.45689655172413796,0.5,0.0,0.0,,
334002,155,0.8709677419354839,0.5290322580645161,0.49032258064516127,0.0,0.9078947368421053,0.5208333333333334,0.8444444444444444
335000,1037,0.8216007714561234,0.3500482160077146,0.3741562198649952,0.17295597484276728,0.5128205128205128,0.35495432998034454,0.7002967359050445
335001,349,0.9054441260744985,0.44412607449856734,0.3839541547277937,0.5614035087719298,0.9166666666666666,,
336001,669,0.828101644245142,0.6233183856502242,0.47234678624813153,0.5444444444444444,0.90625,0.6798848028356225,0.9642857142857143
337001,927,0.837108953613808,0.4843581445523193,0.4703344120819849,0.5774456521739131,0.6951219512195121,0.4640954613253782,0.7873754152823921
339000,993,0.837865055387714,0.39375629405840884,0.4209466263846928,0.7189189189189188,0.769620253164557,0.4180597328110792,0.7234726688102894
339001,605,0.8033057851239669,0.6033057851239669,0.5685950413223141,0.7291666666666666,0.8503184713375797,0.8107185526540365,0.8306451612903226
340000,1483,0.7538772757923129,0.6277815239379636,0.45853000674308836,0.7006278538812786,0.8317757009345794,0.7184115171822645,0.8953271028037383
347000,2081,0.8337337818356559,0.5233061028351754,0.4666025949062951,0.9016216216216215,0.8554216867469879,0.6156171158793995,0.8705463182897862
349001,1304,0.8343558282208589,0.5168711656441718,0.4156441717791411,0.4532019704433497,0.8695652173913043,0.5379230905546695,0.8994565217391305
363000,1000,0.842,0.57,0.558,0.45454545454545453,0.6,0.6033476228431097,0.8431876606683805
363001,269,0.862453531598513,0.49070631970260226,0.4349442379182156,0.6578171091445427,0.8666666666666667,0.4729429206819867,0.8333333333333334
370000,805,0.8795031055900621,0.3018633540372671,0.2956521739130435,0.0,0.0,0.24266553119012135,0.7248322147651006
374000,563,0.8809946714031972,0.42628774422735344,0.4351687388987567,0.27886710239651413,0.7142857142857143,0.3838383838383838,0.8051948051948052
383000,161,0.8757763975155279,0.2981366459627329,0.3105590062111801,0.3863636363636363,0.3333333333333333,0.3387096774193548,0.6451612903225806
384000,931,0.7722878625134264,0.3319011815252417,0.4865735767991407,0.622582304526749,0.0,0.3,0.5930232558139535
389000,1147,0.8953792502179599,0.4106364428945074,0.43679163034001744,0.0,0.8377483443708609,0.43582887700534756,0.8179271708683473
390000,602,0.8322259136212624,0.5897009966777409,0.5282392026578073,0.5057948451824944,0.8461538461538461,0.5233463035019456,0.8672199170124482
392000,468,0.8568376068376068,0.344017094017094,0.2606837606837607,0.36678653154625696,0.5,0.3294573643410853,0.84
393000,214,0.8785046728971962,0.03271028037383177,0.1542056074766355,,,0.049723756906077346,0.11764705882352941
394000,488,0.8299180327868853,0.610655737704918,0.5266393442622951,0.34507678410117437,0.8064516129032258,0.5547921967769296,0.8857142857142857
396002,397,0.8614609571788413,0.6448362720403022,0.6675062972292192,0.6990892531876137,0.8543689320388349,0.6484480431848852,0.8235294117647058
397001,299,0.8361204013377926,0.45484949832775917,0.4916387959866221,0.7542857142857142,0.7647058823529411,0.4981684981684982,0.7787610619469026
398000,685,0.8540145985401459,0.5678832116788322,0.5153284671532846,0.0,0.8095238095238095,0.5708729731346857,0.9
398001,1477,0.8104265402843602,0.7183480027081923,0.6398104265402843,0.8543640897755611,0.8333333333333334,0.789731383883033,0.8920863309352518
398002,905,0.9104972375690608,0.2430939226519337,0.24419889502762432,0.2916666666666667,0.7631578947368421,0.19870235198702352,0.7388535031847133
400000,1297,0.825751734772552,0.5813415574402467,0.5443330763299923,0.0,0.8708272859216255,0.6423947057918227,0.853448275862069
405000,1318,0.8512898330804249,0.49013657056145676,0.4188163884673748,0.4709032339036941,0.8070175438596491,0.49173955296404276,0.8760563380281691
406000,409,0.8166259168704156,0.2591687041564792,0.4132029339853301,0.5164685908319185,0.36363636363636365,0.25837320574162675,0.3125
407000,2058,0.8483965014577259,0.4203109815354713,0.4387755102040816,0.6441267895451162,0.7301587301587301,0.49688667496886674,0.7774140752864157
409000,1235,0.8340080971659919,0.5927125506072874,0.5919028340080972,0.3888888888888889,0.7,0.6979591836734693,0.8554913294797688
410000,1596,0.8377192982456141,0.6077694235588973,0.4993734335839599,0.0,0.9385113268608414,0.7057368701808836,0.9379432624113475
415000,523,0.8891013384321224,0.27724665391969405,0.2887189292543021,0.0,0.0,0.38470345775131665,0.76
416000,184,0.8913043478260869,0.3804347826086957,0.30434782608695654,0.43844634628044765,0.8333333333333334,0.2948717948717949,0.9166666666666666
417000,936,0.8279914529914529,0.5331196581196581,0.5064102564102564,0.7276917168096274,0.5,0.5946702664866758,0.8202614379084967
421000,530,0.8452830188679246,0.6830188679245283,0.5735849056603773,0.7570436913025725,0.9154929577464789,0.6943168771526981,0.9482758620689655
422000,1466,0.8287858117326057,0.47748976807639837,0.5040927694406548,0.46153846153846156,0.6666666666666666,0.48097356066221897,0.7455968688845401
424000,125,0.808,0.496,0.368,0.34545454545454546,0.5,0.375,0.8518518518518519
425000,416,0.9350961538461539,0.15625,0.15865384615384615,0.7751054852320675,0.7714285714285715,0.14950980392156862,0.7777777777777778
429001,200,0.865,0.385,0.34,0.4393939393939394,0.8292682926829268,0.2893374741200828,0.8095238095238095
431000,1907,0.8159412690089145,0.47981122181436814,0.44153120083901415,0.5764705882352941,0.6666666666666666,0.5438256790662158,0.8
436000,338,0.8017751479289941,0.40236686390532544,0.4408284023668639,0.2857142857142857,0.6470588235294118,0.6441441441441442,0.7096774193548387
437000,617,0.8298217179902755,0.5688816855753647,0.44084278768233387,0.5628926076687271,0.875,0.5296803652968036,0.93125
444001,1971,0.8406900050735667,0.5768645357686454,0.5352612886859462,0.6520467836257311,0.8878504672897196,0.6109003997495545,0.8619756427604871
448001,1161,0.8630490956072352,0.3695090439276486,0.3996554694229113,0.0,0.0,0.43124465355004277,0.7419354838709677
449000,379,0.8548812664907651,0.45382585751978893,0.3562005277044855,0.5776223776223777,0.8,0.36075949367088606,0.8977272727272727
452000,785,0.7796178343949045,0.35668789808917195,0.4726114649681529,0.3073170731707317,0.6063829787234043,0.46003898635477586,0.596078431372549
453000,712,0.8370786516853933,0.425561797752809,0.3946629213483146,0.0,0.7222222222222222,0.43318954580055824,0.7967032967032966
458001,693,0.847041847041847,0.4790764790764791,0.3953823953823954,0.5948174322732627,0.872093023255814,0.5344768439108062,0.9
459000,1206,0.7520729684908789,0.41708126036484244,0.6069651741293532,0.0,0.0,0.6385542168674698,0.625
462000,205,0.8048780487804879,0.35609756097560974,0.47317073170731705,0.0,0.0,0.44366197183098594,0.5789473684210527
464002,757,0.8916776750330251,0.4610303830911493,0.39762219286657857,0.6019684138246738,0.8571428571428571,0.49511065362840967,0.9310344827586207
465000,2205,0.8648526077097506,0.4961451247165533,0.5868480725623583,0.0,0.8051839464882943,0.6267900981996727,0.7627329192546584
466000,106,0.8773584905660378,0.6132075471698113,0.5471698113207547,0.7966101694915255,0.75,0.59375,0.9117647058823529
474000,2425,0.8354639175257732,0.28288659793814436,0.39298969072164947,0.4844290657439446,0.5,0.41880705428132053,0.6426193118756937
477000,1190,0.8361344537815126,0.5974789915966386,0.49411764705882355,0.5796252927400468,0.9296116504854369,0.6894228324434274,0.9228855721393034
478000,628,0.8455414012738853,0.31687898089171973,0.39490445859872614,0.0,0.6666666666666666,0.3710491367861886,0.6728395061728395
480000,963,0.8920041536863966,0.3852544132917965,0.3956386292834891,0.9260343481654957,0.7142857142857143,0.37785621400705927,0.8083333333333333
481000,513,0.797270955165692,0.6023391812865497,0.4697855750487329,0.8412880966072456,0.9130434782608695,0.5420262664165104,0.8980891719745223
488000,284,0.8204225352112676,0.3591549295774648,0.3767605633802817,0.6,0.6666666666666666,,
497000,1731,0.829578278451762,0.45753899480069327,0.45233968804159447,0.6074380165289256,0.6666666666666666,0.4843324382280779,0.7734513274336283
500000,1392,0.8110632183908046,0.4109195402298851,0.5021551724137931,0.6860215053763441,0.7,0.6137213651238898,0.6739130434782609
502000,806,0.815136476426799,0.705955334987593,0.56575682382134,0.8580004873618218,0.9264705882352942,0.6932253570184606,0.9512195121951219
503001,991,0.8244197780020182,0.4046417759838547,0.3763874873864783,0.6945945945945947,0.7,0.5072261072261072,0.7735849056603774
505000,115,0.7913043478260869,0.6173913043478261,0.5826086956521739,0.34090909090909094,0.8333333333333334,0.6346153846153847,0.8
506000,747,0.7951807228915663,0.3627844712182062,0.41231593038821956,0.0,0.6699507389162561,0.42165109692691377,0.6388888888888888
508001,1195,0.8384937238493724,0.5497907949790795,0.45523012552301256,0.46174683358957463,0.8723404255319149,0.5716623888702898,0.9108108108108108
511000,647,0.8330757341576507,0.5394126738794436,0.43431221020092736,0.4419354838709677,0.8148148148148148,0.4523172905525847,0.9047619047619048
513000,741,0.8286099865047234,0.4251012145748988,0.4426450742240216,0.5678694158075601,0.5454545454545454,0.4385897681548189,0.7434782608695653
525000,388,0.8015463917525774,0.5360824742268041,0.3943298969072165,0.6592238171185539,0.875,0.5476951163852123,0.897196261682243
534001,340,0.8735294117647059,0.3588235294117647,0.34411764705882353,0.43636363636363634,0.5,0.3939393939393939,0.7777777777777778
537000,1911,0.8712715855572999,0.3448456305599163,0.38984824699110415,0.5700000000000001,0.7217391304347827,0.42560640160040014,0.7313432835820896
547001,206,0.8592233009708737,0.42718446601941745,0.441747572815534,0.7294117647058824,0.8115942028985508,0.3105022831050228,0.7111111111111111
549000,421,0.8147268408551069,0.5130641330166271,0.503562945368171,0.7751436781609196,0.7692307692307693,0.5147774036662925,0.7596899224806202
556000,344,0.8517441860465116,0.3953488372093023,0.40988372093023256,0.7828746177370031,0.7910447761194029,0.365034965034965,0.6666666666666666
600001,446,0.8251121076233184,0.4461883408071749,0.4461883408071749,0.0,0.7,0.46464198625581915,0.7593984962406015
601000,1975,0.9053164556962026,0.3032911392405063,0.26531645569620255,0.0,0.8863636363636364,0.28039772727272727,0.8633879781420765
602000,1094,0.8583180987202925,0.4670932358318099,0.44424131627056673,0.7344450421373498,0.8558282208588958,0.521269053527118,0.8323529411764706
603002,199,0.7688442211055276,0.4472361809045226,0.5778894472361809,0.8263305322128852,0.6428571428571429,0.38961038961038963,0.6
606000,790,0.889873417721519,0.3594936708860759,0.29240506329113924,0.7072916666666668,0.75,0.32672882672882675,0.89171974522293
608000,491,0.8778004073319755,0.45824847250509165,0.42973523421588594,0.29479768786127164,0.5,0.4904601571268237,0.8741258741258742
609001,154,0.8506493506493507,0.487012987012987,0.5194805194805194,0.5226480836236934,0.6666666666666666,0.3813559322033898,0.7692307692307693
615000,1188,0.8602693602693603,0.3021885521885522,0.30723905723905726,0.25961538461538464,0.7307692307692307,0.27575961850548025,0.6926070038910506
625000,481,0.8607068607068608,0.4074844074844075,0.3305613305613306,0.0,0.75,0.3363685636856369,0.8452380952380952
627000,587,0.8926746166950597,0.4122657580919932,0.403747870528109,0.0,0.8620689655172413,0.3923390894819466,0.8266666666666667
629001,420,0.9,0.2761904761904762,0.21904761904761905,0.30492424242424243,0.6666666666666666,0.20607787274453943,0.8235294117647058
634000,265,0.8867924528301887,0.539622641509434,0.49433962264150944,0.5,0.926829268292683,,
653001,309,0.8252427184466019,0.459546925566343,0.4854368932038835,0.3,0.5,0.6617647058823529,0.7786259541984732
664000,1114,0.7612208258527827,0.4649910233393178,0.48114901256732495,0.4262295081967213,0.4782608695652174,0.4823834196891192,0.6879271070615034
675000,530,0.8377358490566038,0.6094339622641509,0.5113207547169811,0.5755208333333333,0.8181818181818182,0.5884275907159202,0.9195979899497487
677001,718,0.8398328690807799,0.44707520891364905,0.4401114206128134,0.7837837837837838,0.8202764976958525,0.44896047949054135,0.7745098039215687
681400,115,0.7217391304347827,0.5217391304347826,0.6086956521739131,0.0,0.0,0.6071428571428571,0.6190476190476191
686000,138,0.7753623188405797,0.2898550724637681,0.4420289855072464,0.728,0.5454545454545454,,
689401,407,0.8476658476658476,0.44717444717444715,0.41277641277641275,0.7389162561576355,0.85,0.3245192307692308,0.7676767676767676
703000,828,0.8429951690821256,0.26207729468599034,0.29106280193236717,0.5552884615384616,0.5971223021582733,0.22995670995670994,0.6130653266331658
703002,465,0.832258064516129,0.7204301075268817,0.6344086021505376,0.7117903930131004,0.9251700680272109,0.7672264041690793,0.9193548387096774
703003,196,0.8418367346938775,0.5663265306122449,0.47959183673469385,0.5813953488372092,0.90625,0.8,0.8
714500,127,0.8503937007874016,0.36220472440944884,0.29133858267716534,0.6155632984901277,0.8,0.22105263157894736,0.7777777777777778
715901,311,0.8810289389067524,0.43086816720257237,0.3890675241157556,0.5504587155963303,0.825,0.4319338422391858,0.875
720402,111,0.9819819819819819,1.0,0.9819819819819819,1.0,1.0,1.0,1.0
724200,128,0.7734375,0.4921875,0.390625,0.6666666666666666,0.5,0.5242718446601942,0.75
724700,908,0.8557268722466961,0.4118942731277533,0.33590308370044053,0.42758620689655175,0.8571428571428571,0.3607277289836889,0.868995633187773
784400,501,0.93812375249501,0.041916167664670656,0.06786427145708583,0.43410852713178294,0.0,0.13888888888888887,0.2857142857142857
786800,150,0.7333333333333333,0.24,0.13333333333333333,0.13626373626373625,0.0,0.0,0.3333333333333333
787400,137,0.8686131386861314,0.2116788321167883,0.18248175182481752,0.8421052631578947,0.3333333333333333,0.0,0.7083333333333334
788001,1636,0.8508557457212714,0.45965770171149145,0.4669926650366748,0.7208569628229363,0.8273026315789473,0.5025163487327848,0.7845528455284553
788002,420,0.8523809523809524,0.39285714285714285,0.33095238095238094,0.7447163515016685,0.8666666666666667,0.5450496745460774,0.8181818181818182
790200,197,0.868020304568528,0.2893401015228426,0.3197969543147208,0.0,0.0,0.3841434638980651,0.6666666666666666
792000,293,0.6928327645051194,0.37542662116040953,0.13651877133105803,0.7742248062015503,0.6896551724137931,0.36936936936936937,0.6875
792700,133,0.9774436090225563,0.9849624060150376,0.9774436090225563,0.9696969696969697,0.9696969696969697,0.9565217391304348,0.9850746268656716
793000,634,0.8091482649842271,0.5962145110410094,0.49053627760252366,0.0,0.8571428571428571,0.5732542819499341,0.8781725888324873
793100,776,0.8827319587628866,0.31958762886597936,0.31056701030927836,0.35,0.625,0.2727493917274939,0.7932960893854749
795500,270,0.8518518518518519,0.29259259259259257,0.2777777777777778,0.6978813559322034,0.3333333333333333,0.3764705882352941,0.6585365853658537
797000,165,0.8181818181818182,0.6,0.6,0.8250000000000001,0.7941176470588235,0.5333333333333333,0.5
797100,1203,0.85785536159601,0.35328345802161265,0.35245220282626766,0.0,0.0,0.6447589788603614,0.725
797500,105,0.8476190476190476,0.17142857142857143,0.20952380952380953,0.0,0.5,0.13861386138613863,0.47368421052631576
797600,411,0.8588807785888077,0.3309002433090024,0.3357664233576642,0.2857142857142857,0.3333333333333333,0.32194899817850636,0.7264150943396226
798500,121,0.7272727272727273,0.4462809917355372,0.371900826446281,0.6666666666666666,0.5,0.3838383838383838,0.696969696969697
799001,215,0.8697674418604651,0.16744186046511628,0.046511627906976744,0.0,0.5,0.3106796116504854,0.9
800600,511,0.9060665362035225,0.2896281800391389,0.2465753424657534,0.0,0.8968253968253969,0.7238857938718664,0.8666666666666667
801500,631,0.9096671949286846,0.2329635499207607,0.25673534072900156,0.4879032258064517,0.25,0.687741935483871,0.7083333333333334
802001,2243,0.8756130182790905,0.3571110120374498,0.32545697726259476,0.0,0.0,0.35365853658536583,0.8237476808905381
806300,346,0.8497109826589595,0.3930635838150289,0.32947976878612717,0.6031746031746031,0.75,0.3235294117647059,0.8214285714285714
814000,165,0.8484848484848485,0.5454545454545454,0.41818181818181815,0.507172131147541,0.8,0.5,0.9629629629629629
814001,601,0.8668885191347754,0.34608985024958405,0.3860232945091514,0.75,0.7272727272727273,0.40198511166253104,0.7177914110429447
815300,162,0.8703703703703703,0.12345679012345678,0.018518518518518517,,,0.0,0.3333333333333333
820800,723,0.8616874135546335,0.46196403872752423,0.40110650069156295,0.44660194174757284,0.8260869565217391,0.4429530201342282,0.8787878787878788
822800,111,0.8108108108108109,0.12612612612612611,0.22522522522522523,0.0,0.0,0.0,0.0
823000,387,0.8036175710594315,0.6124031007751938,0.48320413436692505,0.741961486789073,0.90625,0.5102739726027398,0.9133858267716536
829000,573,0.8883071553228621,0.2757417102966841,0.2338568935427574,0.44859813084112155,0.8373983739837398,0.5213466240361105,0.7
829900,695,0.8517985611510791,0.4474820143884892,0.44316546762589926,0.6623777663407102,0.8095238095238095,0.4939284542172629,0.7935779816513762
831900,184,0.7010869565217391,0.30434782608695654,0.1358695652173913,0.3205128205128205,0.3333333333333333,0.3865877712031558,0.52
832900,221,0.8190045248868778,0.4479638009049774,0.3665158371040724,0.226890756302521,0.7142857142857143,0.37596153846153846,0.7
833000,147,0.7074829931972789,0.6462585034013606,0.4217687074829932,0.8361111111111111,0.875,0.675,0.8333333333333334
835700,233,0.7982832618025751,0.26609442060085836,0.3133047210300429,0.0,0.42857142857142855,0.3190883190883191,0.525
838600,305,0.8885245901639345,0.42950819672131146,0.42950819672131146,0.6788990825688074,0.7857142857142857,0.5755102040816327,0.83
999999,249,0.927710843373494,0.8152610441767069,0.8152610441767069,0.0,0.9478260869565217,0.7648128898128899,0.9363636363636364
