metric,attribute,fold,metric_value,verdict
DI,RACE,0,0.54841,Fail
DI,RACE,1,0.370725,Fail
DI,RACE,2,0.765368,Fail
DI,RACE,3,0.49723,Fail
DI,RACE,4,0.70498,Fail
DI,RACE,5,0.513369,Fail
DI,RACE,6,0.528792,Fail
DI,RACE,7,0.676056,Fail
DI,RACE,8,0.846564,Pass
DI,RACE,9,0.693292,Fail
DI,RACE,10,0.695946,Fail
DI,RACE,11,0.686989,Fail
DI,RACE,12,0.247249,Fail
DI,RACE,13,0.816029,Pass
DI,RACE,14,0.717718,Fail
DI,RACE,15,0.70071,Fail
DI,RACE,16,0.424658,Fail
DI,RACE,17,0.0,Fail
DI,RACE,18,0.793559,Fail
DI,RACE,19,0.726686,Fail
SPD,RACE,0,0.45159,Fail
SPD,RACE,1,0.412886,Fail
SPD,RACE,2,0.151821,Fail
SPD,RACE,3,0.50277,Fail
SPD,RACE,4,0.183085,Fail
SPD,RACE,5,0.486631,Fail
SPD,RACE,6,0.297035,Fail
SPD,RACE,7,0.269953,Fail
SPD,RACE,8,0.093357,Pass
SPD,RACE,9,0.189839,Fail
SPD,RACE,10,0.201436,Fail
SPD,RACE,11,0.198819,Fail
SPD,RACE,12,0.480711,Fail
SPD,RACE,13,0.128827,Fail
SPD,RACE,14,0.176426,Fail
SPD,RACE,15,0.190457,Fail
SPD,RACE,16,0.575342,Fail
SPD,RACE,17,0.608807,Fail
SPD,RACE,18,0.104058,Fail
SPD,RACE,19,0.172307,Fail
EOPP,RACE,0,0.095238,Pass
EOPP,RACE,1,0.084071,Pass
EOPP,RACE,2,0.146341,Fail
EOPP,RACE,3,0.116429,Fail
EOPP,RACE,4,0.07931,Pass
EOPP,RACE,5,0.099961,Pass
EOPP,RACE,6,0.046721,Pass
EOPP,RACE,7,0.068288,Pass
EOPP,RACE,8,0.024063,Pass
EOPP,RACE,9,0.099152,Pass
EOPP,RACE,10,0.082821,Pass
EOPP,RACE,11,0.050294,Pass
EOPP,RACE,12,0.086957,Pass
EOPP,RACE,13,0.076923,Pass
EOPP,RACE,14,0.110883,Fail
EOPP,RACE,15,0.096647,Pass
EOPP,RACE,16,0.11396,Fail
EOPP,RACE,17,0.027935,Pass
EOPP,RACE,18,0.100382,Fail
EOPP,RACE,19,0.087719,Pass
EOD,RACE,0,0.153295,Fail
EOD,RACE,1,0.10274,Fail
EOD,RACE,2,0.25565,Fail
EOD,RACE,3,0.116429,Fail
EOD,RACE,4,0.07931,Pass
EOD,RACE,5,0.142211,Fail
EOD,RACE,6,0.098458,Pass
EOD,RACE,7,0.352941,Fail
EOD,RACE,8,0.079574,Pass
EOD,RACE,9,0.283019,Fail
EOD,RACE,10,0.249737,Fail
EOD,RACE,11,0.188708,Fail
EOD,RACE,12,0.263699,Fail
EOD,RACE,13,0.098297,Pass
EOD,RACE,14,0.189474,Fail
EOD,RACE,15,0.174028,Fail
EOD,RACE,16,0.11396,Fail
EOD,RACE,17,0.318881,Fail
EOD,RACE,18,0.100382,Fail
EOD,RACE,19,0.199609,Fail
TI,RACE,0,0.027296,Pass
TI,RACE,1,0.047026,Pass
TI,RACE,2,0.004277,Pass
TI,RACE,3,0.036369,Pass
TI,RACE,4,0.00697,Pass
TI,RACE,5,0.035096,Pass
TI,RACE,6,0.019554,Pass
TI,RACE,7,0.011037,Pass
TI,RACE,8,0.001806,Pass
TI,RACE,9,0.006839,Pass
TI,RACE,10,0.009532,Pass
TI,RACE,11,0.009463,Pass
TI,RACE,12,0.076933,Pass
TI,RACE,13,0.002552,Pass
TI,RACE,14,0.006955,Pass
TI,RACE,15,0.008946,Pass
TI,RACE,16,0.047424,Pass
TI,RACE,17,0.22748,Fail
TI,RACE,18,0.004031,Pass
TI,RACE,19,0.006401,Pass
PP,RACE,0,0.303167,Fail
PP,RACE,1,0.485742,Fail
PP,RACE,2,0.352804,Fail
PP,RACE,3,0.351852,Fail
PP,RACE,4,0.26671,Fail
PP,RACE,5,0.299425,Fail
PP,RACE,6,0.817518,Fail
PP,RACE,7,0.131161,Fail
PP,RACE,8,0.050165,Pass
PP,RACE,9,0.294643,Fail
PP,RACE,10,0.199581,Fail
PP,RACE,11,0.142812,Fail
PP,RACE,12,0.09697,Pass
PP,RACE,13,0.202586,Fail
PP,RACE,14,0.183002,Fail
PP,RACE,15,0.244755,Fail
PP,RACE,16,0.323643,Fail
PP,RACE,17,0.128804,Fail
PP,RACE,18,0.216407,Fail
PP,RACE,19,0.233333,Fail
CAL,RACE,0,0.457479,Fail
CAL,RACE,1,0.044241,Pass
CAL,RACE,2,0.15873,Fail
CAL,RACE,3,0.159228,Fail
CAL,RACE,4,0.024481,Pass
CAL,RACE,5,0.181819,Fail
CAL,RACE,6,0.154812,Fail
CAL,RACE,7,0.037577,Pass
CAL,RACE,8,0.030467,Pass
CAL,RACE,9,0.020575,Pass
CAL,RACE,10,0.058289,Fail
CAL,RACE,11,0.01025,Pass
CAL,RACE,12,0.038274,Pass
CAL,RACE,13,0.053583,Fail
CAL,RACE,14,0.050802,Fail
CAL,RACE,15,0.075716,Fail
CAL,RACE,16,0.205547,Fail
CAL,RACE,17,0.018965,Pass
CAL,RACE,18,0.128786,Fail
CAL,RACE,19,0.076762,Fail
DI,SEX,0,0.852866,Pass
DI,SEX,1,0.928141,Pass
DI,SEX,2,0.853731,Pass
DI,SEX,3,0.823019,Pass
DI,SEX,4,0.844521,Pass
DI,SEX,5,0.802475,Pass
DI,SEX,6,0.852876,Pass
DI,SEX,7,0.87118,Pass
DI,SEX,8,0.879011,Pass
DI,SEX,9,0.922777,Pass
DI,SEX,10,0.938759,Pass
DI,SEX,11,0.801101,Pass
DI,SEX,12,0.930741,Pass
DI,SEX,13,0.865952,Pass
DI,SEX,14,0.838922,Pass
DI,SEX,15,0.978224,Pass
DI,SEX,16,0.90834,Pass
DI,SEX,17,0.934153,Pass
DI,SEX,18,0.832792,Pass
DI,SEX,19,0.915607,Pass
SPD,SEX,0,0.093797,Pass
SPD,SEX,1,0.043602,Pass
SPD,SEX,2,0.09293,Pass
SPD,SEX,3,0.107245,Fail
SPD,SEX,4,0.092446,Pass
SPD,SEX,5,0.125257,Fail
SPD,SEX,6,0.086637,Pass
SPD,SEX,7,0.083417,Pass
SPD,SEX,8,0.071493,Pass
SPD,SEX,9,0.043616,Pass
SPD,SEX,10,0.033196,Pass
SPD,SEX,11,0.116327,Fail
SPD,SEX,12,0.042593,Pass
SPD,SEX,13,0.089489,Pass
SPD,SEX,14,0.08958,Pass
SPD,SEX,15,0.010508,Pass
SPD,SEX,16,0.052151,Pass
SPD,SEX,17,0.040003,Pass
SPD,SEX,18,0.093523,Pass
SPD,SEX,19,0.049225,Pass
EOPP,SEX,0,0.029137,Pass
EOPP,SEX,1,0.001721,Pass
EOPP,SEX,2,0.018736,Pass
EOPP,SEX,3,0.004151,Pass
EOPP,SEX,4,0.00599,Pass
EOPP,SEX,5,0.00987,Pass
EOPP,SEX,6,0.003023,Pass
EOPP,SEX,7,0.012182,Pass
EOPP,SEX,8,0.014666,Pass
EOPP,SEX,9,0.012089,Pass
EOPP,SEX,10,0.01483,Pass
EOPP,SEX,11,0.003711,Pass
EOPP,SEX,12,0.00152,Pass
EOPP,SEX,13,0.001678,Pass
EOPP,SEX,14,0.007274,Pass
EOPP,SEX,15,0.001532,Pass
EOPP,SEX,16,0.020613,Pass
EOPP,SEX,17,0.00847,Pass
EOPP,SEX,18,0.01152,Pass
EOPP,SEX,19,8.8e-05,Pass
EOD,SEX,0,0.029137,Pass
EOD,SEX,1,0.014352,Pass
EOD,SEX,2,0.05527,Pass
EOD,SEX,3,0.03273,Pass
EOD,SEX,4,0.012432,Pass
EOD,SEX,5,0.044953,Pass
EOD,SEX,6,0.003023,Pass
EOD,SEX,7,0.019787,Pass
EOD,SEX,8,0.014666,Pass
EOD,SEX,9,0.019294,Pass
EOD,SEX,10,0.03093,Pass
EOD,SEX,11,0.040469,Pass
EOD,SEX,12,0.029598,Pass
EOD,SEX,13,0.047977,Pass
EOD,SEX,14,0.012404,Pass
EOD,SEX,15,0.02594,Pass
EOD,SEX,16,0.03955,Pass
EOD,SEX,17,0.023409,Pass
EOD,SEX,18,0.01152,Pass
EOD,SEX,19,0.041101,Pass
TI,SEX,0,0.003156,Pass
TI,SEX,1,0.000695,Pass
TI,SEX,2,0.003116,Pass
TI,SEX,3,0.00472,Pass
TI,SEX,4,0.003557,Pass
TI,SEX,5,0.006017,Pass
TI,SEX,6,0.003156,Pass
TI,SEX,7,0.002372,Pass
TI,SEX,8,0.002074,Pass
TI,SEX,9,0.000807,Pass
TI,SEX,10,0.000499,Pass
TI,SEX,11,0.00611,Pass
TI,SEX,12,0.000644,Pass
TI,SEX,13,0.002583,Pass
TI,SEX,14,0.003841,Pass
TI,SEX,15,6.1e-05,Pass
TI,SEX,16,0.001154,Pass
TI,SEX,17,0.00058,Pass
TI,SEX,18,0.004167,Pass
TI,SEX,19,0.000971,Pass
PP,SEX,0,0.094582,Pass
PP,SEX,1,0.06092,Pass
PP,SEX,2,0.027101,Pass
PP,SEX,3,0.084658,Pass
PP,SEX,4,0.08431,Pass
PP,SEX,5,0.097701,Pass
PP,SEX,6,0.101385,Fail
PP,SEX,7,0.045027,Pass
PP,SEX,8,0.094774,Pass
PP,SEX,9,0.067617,Pass
PP,SEX,10,0.079126,Pass
PP,SEX,11,0.070149,Pass
PP,SEX,12,0.082215,Pass
PP,SEX,13,0.043606,Pass
PP,SEX,14,0.118179,Fail
PP,SEX,15,0.048203,Pass
PP,SEX,16,0.12136,Fail
PP,SEX,17,0.069322,Pass
PP,SEX,18,0.11912,Fail
PP,SEX,19,0.109836,Fail
CAL,SEX,0,0.012163,Pass
CAL,SEX,1,0.009483,Pass
CAL,SEX,2,0.017686,Pass
CAL,SEX,3,0.00681,Pass
CAL,SEX,4,0.009225,Pass
CAL,SEX,5,0.006985,Pass
CAL,SEX,6,0.00979,Pass
CAL,SEX,7,0.010859,Pass
CAL,SEX,8,0.015432,Pass
CAL,SEX,9,0.009643,Pass
CAL,SEX,10,0.005744,Pass
CAL,SEX,11,0.007553,Pass
CAL,SEX,12,0.010788,Pass
CAL,SEX,13,0.005058,Pass
CAL,SEX,14,0.010166,Pass
CAL,SEX,15,0.006893,Pass
CAL,SEX,16,0.005621,Pass
CAL,SEX,17,0.016148,Pass
CAL,SEX,18,0.011121,Pass
CAL,SEX,19,0.008186,Pass
DI,ETHNICITY,0,0.957007,Pass
DI,ETHNICITY,1,0.903735,Pass
DI,ETHNICITY,2,0.905786,Pass
DI,ETHNICITY,3,0.88245,Pass
DI,ETHNICITY,4,0.931402,Pass
DI,ETHNICITY,5,0.900294,Pass
DI,ETHNICITY,6,0.909755,Pass
DI,ETHNICITY,7,0.976316,Pass
DI,ETHNICITY,8,0.920848,Pass
DI,ETHNICITY,9,0.923341,Pass
DI,ETHNICITY,10,0.853174,Pass
DI,ETHNICITY,11,0.826657,Pass
DI,ETHNICITY,12,0.99463,Pass
DI,ETHNICITY,13,0.972184,Pass
DI,ETHNICITY,14,0.843469,Pass
DI,ETHNICITY,15,0.886848,Pass
DI,ETHNICITY,16,0.959956,Pass
DI,ETHNICITY,17,0.989323,Pass
DI,ETHNICITY,18,0.919634,Pass
DI,ETHNICITY,19,0.946497,Pass
SPD,ETHNICITY,0,0.025215,Pass
SPD,ETHNICITY,1,0.056684,Pass
SPD,ETHNICITY,2,0.05921,Pass
SPD,ETHNICITY,3,0.065591,Pass
SPD,ETHNICITY,4,0.037304,Pass
SPD,ETHNICITY,5,0.057139,Pass
SPD,ETHNICITY,6,0.050056,Pass
SPD,ETHNICITY,7,0.014269,Pass
SPD,ETHNICITY,8,0.04592,Pass
SPD,ETHNICITY,9,0.04187,Pass
SPD,ETHNICITY,10,0.08002,Pass
SPD,ETHNICITY,11,0.095654,Pass
SPD,ETHNICITY,12,0.003162,Pass
SPD,ETHNICITY,13,0.017259,Pass
SPD,ETHNICITY,14,0.079914,Pass
SPD,ETHNICITY,15,0.055524,Pass
SPD,ETHNICITY,16,0.022072,Pass
SPD,ETHNICITY,17,0.006275,Pass
SPD,ETHNICITY,18,0.042166,Pass
SPD,ETHNICITY,19,0.029705,Pass
EOPP,ETHNICITY,0,0.01498,Pass
EOPP,ETHNICITY,1,0.003711,Pass
EOPP,ETHNICITY,2,0.025258,Pass
EOPP,ETHNICITY,3,0.02585,Pass
EOPP,ETHNICITY,4,0.024601,Pass
EOPP,ETHNICITY,5,0.005844,Pass
EOPP,ETHNICITY,6,0.01642,Pass
EOPP,ETHNICITY,7,0.000881,Pass
EOPP,ETHNICITY,8,0.017766,Pass
EOPP,ETHNICITY,9,0.01461,Pass
EOPP,ETHNICITY,10,0.010572,Pass
EOPP,ETHNICITY,11,0.001726,Pass
EOPP,ETHNICITY,12,0.00896,Pass
EOPP,ETHNICITY,13,0.006048,Pass
EOPP,ETHNICITY,14,0.033926,Pass
EOPP,ETHNICITY,15,0.020999,Pass
EOPP,ETHNICITY,16,0.029246,Pass
EOPP,ETHNICITY,17,0.002565,Pass
EOPP,ETHNICITY,18,0.00087,Pass
EOPP,ETHNICITY,19,0.015552,Pass
EOD,ETHNICITY,0,0.041843,Pass
EOD,ETHNICITY,1,0.020976,Pass
EOD,ETHNICITY,2,0.063023,Pass
EOD,ETHNICITY,3,0.02585,Pass
EOD,ETHNICITY,4,0.024601,Pass
EOD,ETHNICITY,5,0.005844,Pass
EOD,ETHNICITY,6,0.024118,Pass
EOD,ETHNICITY,7,0.048783,Pass
EOD,ETHNICITY,8,0.025865,Pass
EOD,ETHNICITY,9,0.022365,Pass
EOD,ETHNICITY,10,0.025177,Pass
EOD,ETHNICITY,11,0.013104,Pass
EOD,ETHNICITY,12,0.05223,Pass
EOD,ETHNICITY,13,0.039139,Pass
EOD,ETHNICITY,14,0.033926,Pass
EOD,ETHNICITY,15,0.020999,Pass
EOD,ETHNICITY,16,0.0721,Pass
EOD,ETHNICITY,17,0.047925,Pass
EOD,ETHNICITY,18,0.048255,Pass
EOD,ETHNICITY,19,0.029105,Pass
TI,ETHNICITY,0,0.000241,Pass
TI,ETHNICITY,1,0.001279,Pass
TI,ETHNICITY,2,0.001222,Pass
TI,ETHNICITY,3,0.001951,Pass
TI,ETHNICITY,4,0.000631,Pass
TI,ETHNICITY,5,0.001377,Pass
TI,ETHNICITY,6,0.001117,Pass
TI,ETHNICITY,7,7.2e-05,Pass
TI,ETHNICITY,8,0.000849,Pass
TI,ETHNICITY,9,0.000795,Pass
TI,ETHNICITY,10,0.003142,Pass
TI,ETHNICITY,11,0.004509,Pass
TI,ETHNICITY,12,4e-06,Pass
TI,ETHNICITY,13,9.9e-05,Pass
TI,ETHNICITY,14,0.003609,Pass
TI,ETHNICITY,15,0.001799,Pass
TI,ETHNICITY,16,0.000209,Pass
TI,ETHNICITY,17,1.4e-05,Pass
TI,ETHNICITY,18,0.000877,Pass
TI,ETHNICITY,19,0.000378,Pass
PP,ETHNICITY,0,0.08988,Pass
PP,ETHNICITY,1,0.094318,Pass
PP,ETHNICITY,2,0.019058,Pass
PP,ETHNICITY,3,0.065374,Pass
PP,ETHNICITY,4,0.058883,Pass
PP,ETHNICITY,5,0.082449,Pass
PP,ETHNICITY,6,0.100481,Fail
PP,ETHNICITY,7,0.065781,Pass
PP,ETHNICITY,8,0.013665,Pass
PP,ETHNICITY,9,0.086442,Pass
PP,ETHNICITY,10,0.05777,Pass
PP,ETHNICITY,11,0.088311,Pass
PP,ETHNICITY,12,0.077013,Pass
PP,ETHNICITY,13,0.069971,Pass
PP,ETHNICITY,14,0.175088,Fail
PP,ETHNICITY,15,0.076725,Pass
PP,ETHNICITY,16,0.090157,Pass
PP,ETHNICITY,17,0.055129,Pass
PP,ETHNICITY,18,0.023631,Pass
PP,ETHNICITY,19,0.078259,Pass
CAL,ETHNICITY,0,0.001323,Pass
CAL,ETHNICITY,1,0.004474,Pass
CAL,ETHNICITY,2,0.005297,Pass
CAL,ETHNICITY,3,0.004287,Pass
CAL,ETHNICITY,4,0.008796,Pass
CAL,ETHNICITY,5,0.011732,Pass
CAL,ETHNICITY,6,0.001406,Pass
CAL,ETHNICITY,7,0.001718,Pass
CAL,ETHNICITY,8,0.005422,Pass
CAL,ETHNICITY,9,0.010645,Pass
CAL,ETHNICITY,10,0.00742,Pass
CAL,ETHNICITY,11,0.0053,Pass
CAL,ETHNICITY,12,0.008931,Pass
CAL,ETHNICITY,13,0.005946,Pass
CAL,ETHNICITY,14,0.007324,Pass
CAL,ETHNICITY,15,0.002494,Pass
CAL,ETHNICITY,16,0.005834,Pass
CAL,ETHNICITY,17,0.005199,Pass
CAL,ETHNICITY,18,0.020176,Pass
CAL,ETHNICITY,19,0.003872,Pass
DI,AGE_GROUP,0,0.808405,Pass
DI,AGE_GROUP,1,0.663231,Fail
DI,AGE_GROUP,2,0.688875,Fail
DI,AGE_GROUP,3,0.683514,Fail
DI,AGE_GROUP,4,0.687298,Fail
DI,AGE_GROUP,5,0.856601,Pass
DI,AGE_GROUP,6,0.686934,Fail
DI,AGE_GROUP,7,0.512091,Fail
DI,AGE_GROUP,8,0.814907,Pass
DI,AGE_GROUP,9,0.766373,Fail
DI,AGE_GROUP,10,0.705388,Fail
DI,AGE_GROUP,11,0.681851,Fail
DI,AGE_GROUP,12,0.83317,Pass
DI,AGE_GROUP,13,0.79051,Fail
DI,AGE_GROUP,14,0.591909,Fail
DI,AGE_GROUP,15,0.776935,Fail
DI,AGE_GROUP,16,0.554091,Fail
DI,AGE_GROUP,17,0.802887,Pass
DI,AGE_GROUP,18,0.790968,Fail
DI,AGE_GROUP,19,0.41728,Fail
SPD,AGE_GROUP,0,0.121541,Fail
SPD,AGE_GROUP,1,0.215563,Fail
SPD,AGE_GROUP,2,0.201911,Fail
SPD,AGE_GROUP,3,0.207059,Fail
SPD,AGE_GROUP,4,0.199912,Fail
SPD,AGE_GROUP,5,0.086286,Pass
SPD,AGE_GROUP,6,0.192488,Fail
SPD,AGE_GROUP,7,0.327904,Fail
SPD,AGE_GROUP,8,0.113025,Fail
SPD,AGE_GROUP,9,0.140674,Fail
SPD,AGE_GROUP,10,0.164668,Fail
SPD,AGE_GROUP,11,0.189006,Fail
SPD,AGE_GROUP,12,0.10436,Fail
SPD,AGE_GROUP,13,0.137803,Fail
SPD,AGE_GROUP,14,0.242444,Fail
SPD,AGE_GROUP,15,0.116834,Fail
SPD,AGE_GROUP,16,0.27464,Fail
SPD,AGE_GROUP,17,0.127607,Fail
SPD,AGE_GROUP,18,0.115413,Fail
SPD,AGE_GROUP,19,0.366956,Fail
EOPP,AGE_GROUP,0,0.086714,Pass
EOPP,AGE_GROUP,1,0.082932,Pass
EOPP,AGE_GROUP,2,0.094826,Pass
EOPP,AGE_GROUP,3,0.096995,Pass
EOPP,AGE_GROUP,4,0.073725,Pass
EOPP,AGE_GROUP,5,0.089086,Pass
EOPP,AGE_GROUP,6,0.112121,Fail
EOPP,AGE_GROUP,7,0.102501,Fail
EOPP,AGE_GROUP,8,0.09125,Pass
EOPP,AGE_GROUP,9,0.080172,Pass
EOPP,AGE_GROUP,10,0.109323,Fail
EOPP,AGE_GROUP,11,0.087073,Pass
EOPP,AGE_GROUP,12,0.084204,Pass
EOPP,AGE_GROUP,13,0.08961,Pass
EOPP,AGE_GROUP,14,0.091421,Pass
EOPP,AGE_GROUP,15,0.103115,Fail
EOPP,AGE_GROUP,16,0.170282,Fail
EOPP,AGE_GROUP,17,0.08876,Pass
EOPP,AGE_GROUP,18,0.121069,Fail
EOPP,AGE_GROUP,19,0.129243,Fail
EOD,AGE_GROUP,0,0.246389,Fail
EOD,AGE_GROUP,1,0.201043,Fail
EOD,AGE_GROUP,2,0.20799,Fail
EOD,AGE_GROUP,3,0.159349,Fail
EOD,AGE_GROUP,4,0.155425,Fail
EOD,AGE_GROUP,5,0.19075,Fail
EOD,AGE_GROUP,6,0.178292,Fail
EOD,AGE_GROUP,7,0.222662,Fail
EOD,AGE_GROUP,8,0.176235,Fail
EOD,AGE_GROUP,9,0.230012,Fail
EOD,AGE_GROUP,10,0.260995,Fail
EOD,AGE_GROUP,11,0.11751,Fail
EOD,AGE_GROUP,12,0.299952,Fail
EOD,AGE_GROUP,13,0.238041,Fail
EOD,AGE_GROUP,14,0.169686,Fail
EOD,AGE_GROUP,15,0.148172,Fail
EOD,AGE_GROUP,16,0.259279,Fail
EOD,AGE_GROUP,17,0.261192,Fail
EOD,AGE_GROUP,18,0.229595,Fail
EOD,AGE_GROUP,19,0.336449,Fail
TI,AGE_GROUP,0,0.003607,Pass
TI,AGE_GROUP,1,0.010477,Pass
TI,AGE_GROUP,2,0.009231,Pass
TI,AGE_GROUP,3,0.012798,Pass
TI,AGE_GROUP,4,0.012809,Pass
TI,AGE_GROUP,5,0.002105,Pass
TI,AGE_GROUP,6,0.011005,Pass
TI,AGE_GROUP,7,0.026204,Pass
TI,AGE_GROUP,8,0.003568,Pass
TI,AGE_GROUP,9,0.004898,Pass
TI,AGE_GROUP,10,0.009103,Pass
TI,AGE_GROUP,11,0.009587,Pass
TI,AGE_GROUP,12,0.002366,Pass
TI,AGE_GROUP,13,0.00352,Pass
TI,AGE_GROUP,14,0.019715,Pass
TI,AGE_GROUP,15,0.007086,Pass
TI,AGE_GROUP,16,0.022272,Pass
TI,AGE_GROUP,17,0.003432,Pass
TI,AGE_GROUP,18,0.004149,Pass
TI,AGE_GROUP,19,0.043681,Pass
PP,AGE_GROUP,0,0.462234,Fail
PP,AGE_GROUP,1,0.463062,Fail
PP,AGE_GROUP,2,0.45049,Fail
PP,AGE_GROUP,3,0.467409,Fail
PP,AGE_GROUP,4,0.497013,Fail
PP,AGE_GROUP,5,0.434746,Fail
PP,AGE_GROUP,6,0.551111,Fail
PP,AGE_GROUP,7,0.474265,Fail
PP,AGE_GROUP,8,0.455876,Fail
PP,AGE_GROUP,9,0.543434,Fail
PP,AGE_GROUP,10,0.488916,Fail
PP,AGE_GROUP,11,0.461586,Fail
PP,AGE_GROUP,12,0.496843,Fail
PP,AGE_GROUP,13,0.385426,Fail
PP,AGE_GROUP,14,0.533896,Fail
PP,AGE_GROUP,15,0.431162,Fail
PP,AGE_GROUP,16,0.499386,Fail
PP,AGE_GROUP,17,0.465452,Fail
PP,AGE_GROUP,18,0.454971,Fail
PP,AGE_GROUP,19,0.514086,Fail
CAL,AGE_GROUP,0,0.044412,Pass
CAL,AGE_GROUP,1,0.011914,Pass
CAL,AGE_GROUP,2,0.016845,Pass
CAL,AGE_GROUP,3,0.007482,Pass
CAL,AGE_GROUP,4,0.024771,Pass
CAL,AGE_GROUP,5,0.024563,Pass
CAL,AGE_GROUP,6,0.024015,Pass
CAL,AGE_GROUP,7,0.007462,Pass
CAL,AGE_GROUP,8,0.015827,Pass
CAL,AGE_GROUP,9,0.01919,Pass
CAL,AGE_GROUP,10,0.042048,Pass
CAL,AGE_GROUP,11,0.022207,Pass
CAL,AGE_GROUP,12,0.034722,Pass
CAL,AGE_GROUP,13,0.007531,Pass
CAL,AGE_GROUP,14,0.034828,Pass
CAL,AGE_GROUP,15,0.019812,Pass
CAL,AGE_GROUP,16,0.030878,Pass
CAL,AGE_GROUP,17,0.010038,Pass
CAL,AGE_GROUP,18,0.018881,Pass
CAL,AGE_GROUP,19,0.029504,Pass
